"dataset_name","n_rows","issue_rows","exp_cases_gt_n","ctrl_cases_gt_n","exp_cases_lt0","ctrl_cases_lt0","exp_n_le0","ctrl_n_le0","exp_cases_nonint","ctrl_cases_nonint","exp_n_nonint","ctrl_n_nonint","double_zero","all_events","sparse_events","exp_sd_le0","ctrl_sd_le0","variance_negative","giv_se_negative","ci_inverted","ci_mismatch"
"CD002122_pub3_data",367,72,0,0,0,0,0,0,0,0,0,0,4,0,72,0,0,0,0,0,0
"CD003598_pub3_data",650,650,0,0,0,0,0,0,0,0,0,0,386,0,518,372,372,0,0,0,552
"CD004736_pub6_data",1366,1366,0,0,0,0,0,0,0,0,0,0,419,0,549,1142,1142,0,0,0,1171
"CD011689_pub4_data",3665,3665,0,0,0,0,0,0,0,0,0,0,928,0,1465,3085,3085,0,0,0,3302
"CD014769_pub2_data",345,345,0,0,0,0,0,0,0,0,0,0,0,0,66,345,345,0,0,0,345
"CD015014_pub2_data",299,299,0,0,0,0,6,6,0,0,0,0,102,6,130,269,269,0,0,0,240
"CD002042_pub6_data",912,286,0,0,0,0,0,0,0,0,0,0,89,8,278,0,0,0,0,0,0
"CD011535_pub7_data",984,115,0,0,0,0,0,0,0,0,0,0,15,2,78,35,35,0,0,0,34
"CD006023_pub4_data",891,891,0,0,0,0,0,0,0,0,0,0,453,0,655,545,545,0,0,0,777
"CD015849_pub2_data",317,317,0,0,0,0,34,34,0,0,0,0,170,34,233,276,276,0,0,0,245
"CD006404_pub5_data",383,235,0,0,0,0,0,0,0,0,0,0,81,0,235,0,0,0,0,0,0
"CD008176_pub3_data",891,891,0,0,0,0,0,0,0,0,0,0,436,0,623,485,485,0,0,0,861
"CD004661_pub4_data",492,492,0,0,0,0,22,22,0,0,0,0,99,22,138,446,446,0,0,0,437
"CD011762_pub2_data",2017,2017,0,0,0,0,0,0,0,0,0,0,214,0,838,1889,1889,0,0,0,1850
"CD014965_pub2_data",177,177,0,0,0,0,0,0,0,0,0,0,85,0,126,95,95,0,0,0,143
"CD002112_pub2_data",233,233,0,0,0,0,0,0,0,0,0,0,79,0,102,156,155,0,0,0,223
"CD003414_pub4_data",135,135,0,0,0,0,0,0,0,0,0,0,19,0,34,116,116,0,0,0,135
"CD003594_pub7_data",171,171,0,0,0,0,0,0,0,0,0,0,25,1,67,150,150,0,0,0,167
"CD003962_pub3_data",239,239,0,0,0,0,0,0,0,0,0,0,162,0,188,84,84,0,0,0,230
"CD006475_pub3_data",222,222,0,0,0,0,0,0,0,0,0,0,0,0,18,222,222,0,0,0,222
"CD010966_pub4_data",1244,1244,0,0,0,0,3,3,0,0,0,0,361,8,877,1028,1028,0,0,0,1104
"CD013781_pub2_data",449,449,0,0,0,0,0,0,0,0,0,0,193,2,258,298,298,0,0,0,407
"CD014937_pub2_data",652,652,0,0,0,0,0,0,0,0,0,0,133,0,238,633,633,0,0,0,536
"CD015215_pub2_data",213,213,0,0,0,0,63,63,0,0,0,0,146,66,160,131,131,0,0,0,183
"CD016031_data",252,169,0,0,0,0,0,0,0,0,0,0,78,0,140,106,106,0,0,0,118
"CD004953_pub5_data",163,163,0,0,0,0,0,0,0,0,0,0,39,1,75,150,152,0,0,0,135
"CD006257_pub2_data",544,544,0,0,0,0,0,0,0,0,0,0,183,0,283,530,530,0,0,0,375
"CD006689_pub3_data",295,295,0,0,0,0,8,8,0,0,0,0,65,8,115,269,269,0,0,0,260
"CD011575_pub3_data",68,68,0,0,0,0,0,0,0,0,0,0,8,0,8,60,60,0,0,0,68
"CD012067_pub3_data",416,416,0,0,0,0,0,0,0,0,0,0,206,0,264,213,213,0,0,0,385
"CD012503_pub3_data",316,316,0,0,0,0,0,0,0,0,0,0,70,0,133,259,259,0,0,0,251
"CD012905_pub2_data",101,101,0,0,0,0,0,0,0,0,0,0,33,0,52,74,74,0,0,0,95
"CD013614_pub2_data",541,541,0,0,0,0,0,0,0,0,0,0,214,0,242,331,331,0,0,0,533
"CD013800_pub2_data",140,140,0,0,0,0,0,0,0,0,0,0,11,0,18,129,129,0,0,0,139
"CD014820_pub2_data",687,687,0,0,0,0,0,0,0,0,0,0,213,0,388,557,557,0,0,0,558
"CD014844_pub2_data",40,40,0,0,0,0,0,0,0,0,0,0,2,0,11,40,40,0,0,0,38
"CD015331_pub2_data",984,984,0,0,0,0,0,0,0,0,0,0,804,0,855,187,187,0,0,0,977
"CD015588_pub2_data",441,441,0,0,0,0,58,58,0,0,0,0,252,58,288,426,426,0,0,0,378
"CD015746_pub2_data",89,89,0,0,0,0,0,0,0,0,0,0,28,0,40,89,89,0,0,0,89
"CD016168_data",45,45,0,0,0,0,0,0,0,0,0,0,10,0,26,40,40,0,0,0,40
"CD005133_pub4_data",174,174,0,0,0,0,0,0,0,0,0,0,7,0,71,174,174,0,0,0,167
"CD006606_pub5_data",30,30,0,0,0,0,0,0,0,0,0,0,0,0,4,30,30,0,0,0,30
"CD007026_pub7_data",56,56,0,0,0,0,0,0,0,0,0,0,4,0,20,56,56,0,0,0,52
"CD007572_pub4_data",71,71,0,0,0,0,0,0,0,0,0,0,8,0,11,63,63,0,0,0,67
"CD008564_pub3_data",281,281,0,0,0,0,0,0,0,0,0,0,16,0,19,265,265,0,0,0,265
"CD008709_pub4_data",353,353,0,0,0,0,0,0,0,0,0,0,44,0,157,340,340,0,0,0,322
"CD009235_pub4_data",831,831,0,0,0,0,0,0,0,0,0,0,660,0,718,223,223,0,0,0,623
"CD009531_pub3_data",136,136,0,0,0,0,1,1,0,0,0,0,109,1,113,28,28,0,0,0,135
"CD009749_pub3_data",124,124,0,0,0,0,0,0,0,0,0,0,8,0,59,124,124,0,0,0,115
"CD010861_pub3_data",196,101,0,0,0,0,0,0,0,0,0,0,70,4,97,0,0,0,0,0,14
"CD011858_pub2_data",74,74,0,0,0,0,0,0,0,0,0,0,24,0,57,51,51,0,0,0,73
"CD012429_pub2_data",105,105,0,0,0,0,0,0,0,0,0,0,21,0,50,84,84,0,0,0,102
"CD012712_pub2_data",515,515,0,0,0,0,0,0,0,0,0,0,105,0,199,464,464,0,0,0,461
"CD012850_pub2_data",104,104,0,0,0,0,0,0,0,0,0,0,65,0,72,39,39,0,0,0,104
"CD013071_pub2_data",201,201,0,0,0,0,0,0,0,0,0,0,138,0,177,91,91,0,0,0,173
"CD013232_pub2_data",1540,1540,0,0,0,0,0,0,0,0,0,0,251,0,875,1298,1298,0,0,0,1530
"CD013278_pub3_data",223,223,0,0,0,0,0,0,0,0,0,0,47,0,84,192,192,0,0,0,207
"CD013366_pub2_data",140,140,0,0,0,0,0,0,0,0,0,0,19,0,65,131,131,0,0,0,130
"CD013539_pub2_data",321,321,0,0,0,0,0,0,0,0,0,0,39,1,88,321,321,0,0,0,301
"CD013715_pub2_data",91,91,0,0,0,0,0,0,0,0,0,0,30,0,45,73,73,0,0,0,73
"CD013816_pub2_data",90,90,0,0,0,0,0,0,0,0,0,0,36,0,68,85,85,0,0,0,59
"CD013830_pub2_data",150,150,0,0,0,0,0,0,0,0,0,0,18,0,50,140,140,0,0,0,142
"CD014741_pub2_data",212,212,0,0,0,0,0,0,0,0,0,0,106,1,163,211,211,0,0,0,210
"CD014959_pub2_data",62,62,0,0,0,0,0,0,0,0,0,0,0,0,10,62,62,0,0,0,62
"CD015255_pub2_data",104,104,0,0,0,0,2,2,0,0,0,0,15,2,17,91,91,0,0,0,103
"CD015532_data",139,139,0,0,0,0,0,0,0,0,0,0,36,0,45,111,111,0,0,0,139
"CD015824_pub2_data",90,90,0,0,0,0,0,0,0,0,0,0,32,0,44,59,59,0,0,0,57
"CD016131_data",70,70,0,0,0,0,0,0,0,0,0,0,15,0,25,70,70,0,0,0,54
"CD001797_pub4_data",44,44,0,0,0,0,1,1,0,0,0,0,22,1,28,25,25,0,0,0,38
"CD003376_pub4_data",276,276,0,0,0,0,0,0,0,0,0,0,90,0,166,276,276,0,0,0,186
"CD003429_pub5_data",33,33,0,0,0,0,0,0,0,0,0,0,23,0,26,10,10,0,0,0,19
"CD006182_pub3_data",79,79,0,0,0,0,0,0,0,0,0,0,11,0,21,69,69,0,0,0,78
"CD006536_pub5_data",956,956,0,0,0,0,0,0,0,0,0,0,440,0,848,532,532,0,0,0,940
"CD006913_pub3_data",885,885,0,0,0,0,0,0,0,0,0,0,750,10,750,136,136,0,0,0,549
"CD007784_pub3_data",934,934,0,0,0,0,0,0,0,0,0,0,654,0,724,302,302,0,0,0,907
"CD008309_pub3_data",160,160,0,0,0,0,0,0,0,0,0,0,67,0,94,139,139,0,0,0,114
"CD009298_pub3_data",333,156,0,0,0,0,0,0,0,0,0,0,109,2,156,0,0,0,0,0,0
"CD010145_pub2_data",138,138,0,0,0,0,0,0,0,0,0,0,19,0,44,131,131,0,0,0,123
"CD012635_pub2_data",52,52,0,0,0,0,2,2,0,0,0,0,3,2,14,52,52,0,0,0,51
"CD013408_pub2_data",54,54,0,0,0,0,0,0,0,0,0,0,0,0,3,54,54,0,0,0,54
"CD013445_pub2_data",553,553,0,0,0,0,0,0,0,0,0,0,191,8,260,480,480,0,0,0,435
"CD013844_pub2_data",100,100,0,0,0,0,0,0,0,0,0,0,53,0,62,50,50,0,0,0,97
"CD014541_pub2_data",94,94,0,0,0,0,0,0,0,0,0,0,6,0,14,94,94,0,0,0,88
"CD014594_pub2_data",105,105,0,0,0,0,0,0,0,0,0,0,45,0,67,83,83,0,0,0,89
"CD014792_pub2_data",68,68,0,0,0,0,0,0,0,0,0,0,12,0,37,63,63,0,0,0,58
"CD014964_pub2_data",1305,227,0,0,0,0,0,0,0,0,0,0,68,0,154,62,18,0,0,0,0
"CD014967_pub2_data",105,105,0,0,0,0,0,0,0,0,0,0,24,2,41,98,98,0,0,0,88
"CD015033_pub2_data",154,154,0,0,0,0,0,0,0,0,0,0,103,0,108,51,51,0,0,0,154
"CD015254_pub2_data",76,76,0,0,0,0,0,0,0,0,0,0,8,0,8,68,68,0,0,0,76
"CD015332_pub2_data",252,252,0,0,0,0,0,0,0,0,0,0,181,0,219,79,80,0,0,0,243
"CD015854_data",91,91,0,0,0,0,2,2,0,0,0,0,42,2,65,59,58,0,0,0,68
"CD015932_pub2_data",106,61,0,0,0,0,12,12,0,0,0,0,24,11,28,45,45,0,0,0,54
"CD000219_pub5_data",71,71,0,0,0,0,0,0,0,0,0,0,2,0,6,71,71,0,0,0,69
"CD000547_pub3_data",282,282,0,0,0,0,0,0,0,0,0,0,88,0,155,200,200,0,0,0,270
"CD001155_pub3_data",977,977,0,0,0,0,0,0,0,0,0,0,381,0,556,976,976,0,0,0,597
"CD001321_pub7_data",155,155,0,0,0,0,0,0,0,0,0,0,6,0,22,155,155,0,0,0,149
"CD001431_pub6_data",1479,1479,0,0,0,0,0,0,0,0,0,0,852,0,873,627,627,0,0,0,1479
"CD001920_pub4_data",1427,1427,1,0,0,0,0,0,0,0,0,0,1410,0,1417,23,21,0,0,0,261
"CD002203_pub5_data",175,175,0,0,0,0,8,8,0,0,0,0,70,8,85,114,114,0,0,0,168
"CD002243_pub5_data",1084,1084,0,0,0,0,0,0,0,0,0,0,123,0,204,981,981,0,0,0,1061
"CD003774_pub5_data",761,761,0,0,0,0,0,0,0,0,0,0,69,0,219,756,756,0,0,0,697
"CD005951_pub5_data",80,80,0,0,0,0,0,0,0,0,0,0,12,0,25,72,72,0,0,0,76
"CD006185_pub6_data",970,970,0,0,0,0,0,0,0,0,0,0,563,113,637,595,595,0,0,0,754
"CD006742_pub3_data",17,17,0,0,0,0,0,0,0,0,0,0,5,0,6,17,17,0,0,0,12
"CD007310_pub3_data",201,201,0,0,0,0,0,0,0,0,0,0,28,6,77,173,173,0,0,0,200
"CD007639_pub3_data",132,132,0,0,0,0,2,2,0,0,0,0,108,2,114,29,29,0,0,0,123
"CD008469_pub3_data",50,50,0,1,0,0,0,0,0,0,0,0,27,0,29,32,32,0,0,0,48
"CD008493_pub5_data",118,118,0,0,0,0,0,0,0,0,0,0,32,0,54,92,92,0,0,0,92
"CD010290_pub4_data",146,146,0,0,0,0,0,0,0,0,0,0,31,0,71,133,133,0,0,0,128
"CD010583_pub6_data",65,65,0,0,0,0,0,0,0,0,0,0,14,0,24,53,53,0,0,0,63
"CD011670_pub3_data",31,31,0,0,0,0,0,0,0,0,0,0,9,0,19,23,23,0,0,0,30
"CD012079_pub2_data",567,567,0,0,0,0,0,0,0,0,0,0,146,0,286,451,452,0,0,0,527
"CD012152_pub4_data",63,63,0,0,0,0,0,0,0,0,0,0,7,0,14,60,60,0,0,0,58
"CD012586_pub2_data",582,582,0,0,0,0,0,0,0,0,0,0,124,0,175,472,472,0,0,0,566
"CD012642_pub2_data",108,108,0,0,0,0,0,0,0,0,0,0,16,0,51,101,101,0,0,0,99
"CD012693_pub3_data",482,482,0,0,0,0,37,37,0,0,0,0,150,37,229,417,417,0,0,0,406
"CD012993_pub2_data",55,55,0,0,0,0,0,0,0,0,0,0,28,0,31,27,27,0,0,0,55
"CD013023_pub2_data",53,53,0,0,0,0,0,0,0,0,0,0,4,0,26,53,53,0,0,0,49
"CD013255_pub2_data",141,141,0,0,0,0,0,0,0,0,0,0,31,0,41,141,141,0,0,0,110
"CD013377_pub2_data",28,28,0,0,0,0,0,0,0,0,0,0,14,0,16,26,26,0,0,0,26
"CD013396_pub2_data",129,129,0,0,0,0,0,0,0,0,0,0,18,0,35,125,125,0,0,0,115
"CD013414_pub2_data",70,70,0,0,0,0,0,0,0,0,0,0,21,0,34,51,51,0,0,0,68
"CD013476_pub2_data",23,23,0,0,0,0,0,0,0,0,0,0,17,0,20,7,7,0,0,0,22
"CD013541_pub2_data",191,191,0,0,0,0,0,0,0,0,0,0,134,0,146,62,62,0,0,0,102
"CD013748_pub2_data",82,82,0,0,0,0,0,0,0,0,0,0,5,2,23,82,82,0,0,0,77
"CD013764_pub2_data",28,28,0,0,0,0,0,0,0,0,0,0,4,1,8,28,28,0,0,0,22
"CD013875_pub2_data",80,80,0,0,0,0,0,0,0,0,0,0,0,0,14,80,80,0,0,0,80
"CD014585_pub2_data",101,101,0,0,0,0,0,0,0,0,0,0,9,0,11,93,93,0,0,0,91
"CD014624_pub2_data",305,305,0,0,0,0,104,104,0,0,0,0,117,104,154,305,305,0,0,0,188
"CD014678_pub2_data",223,223,0,0,0,0,0,0,0,0,0,0,3,0,34,223,223,0,0,0,220
"CD014855_pub2_data",72,72,0,0,0,0,0,0,0,0,0,0,24,0,34,57,57,0,0,0,58
"CD014941_pub2_data",60,60,0,0,0,0,0,0,0,0,0,0,0,0,0,60,60,0,0,0,60
"CD015087_pub2_data",113,36,0,0,0,0,0,0,0,0,0,0,14,2,34,0,0,0,0,0,0
"CD015160_pub2_data",52,52,0,0,0,0,0,0,0,0,0,0,34,0,38,52,52,0,0,0,18
"CD015213_pub2_data",253,253,0,0,0,0,0,0,0,0,0,0,95,0,155,168,168,0,0,0,239
"CD015219_pub2_data",289,289,0,0,0,0,18,18,0,0,0,0,22,18,96,285,285,0,0,0,289
"CD015373_pub2_data",176,52,0,0,0,0,0,0,0,0,0,0,9,0,52,2,2,0,0,0,2
"CD015387_pub2_data",151,26,0,0,0,0,0,0,0,0,0,0,9,0,26,0,0,0,0,0,0
"CD015476_pub2_data",192,192,0,0,0,0,0,0,0,0,0,0,56,0,58,136,136,0,0,0,185
"CD015514_pub2_data",15,15,0,0,0,0,5,5,0,0,0,0,7,5,7,13,13,0,0,0,10
"CD015530_pub2_data",18,18,0,0,0,0,0,0,0,0,0,0,0,0,1,18,18,0,0,0,18
"CD015536_pub2_data",247,247,0,0,0,0,0,0,0,0,0,0,84,3,106,247,247,0,0,0,153
"CD015584_pub2_data",115,115,0,0,0,0,0,0,0,0,0,0,41,10,59,90,90,0,0,0,78
"CD015673_pub2_data",85,85,0,0,0,0,0,0,0,0,0,0,34,0,40,56,56,0,0,0,77
"CD015711_pub2_data",15,15,0,0,0,0,0,0,0,0,0,0,4,0,5,11,11,0,0,0,12
"CD015721_pub2_data",41,41,0,0,0,0,0,0,0,0,0,0,0,0,1,41,41,0,0,0,40
"CD015855_data",71,71,0,0,0,0,0,0,0,0,0,0,35,0,44,37,37,0,0,0,45
"CD016119_data",151,151,0,0,0,0,0,0,0,0,0,0,92,0,102,62,62,0,0,0,66
"CD016211_data",62,41,0,0,0,0,25,25,0,0,0,0,14,12,19,24,24,0,0,0,33
"CD016278_data",61,61,0,0,0,0,0,0,0,0,0,0,25,0,35,56,56,0,0,0,35
"CD000028_pub4_data",163,10,0,0,0,0,0,0,0,0,0,0,2,0,10,0,0,0,0,0,0
"CD000143_pub2_data",80,80,0,0,0,0,0,0,0,0,0,0,0,0,7,80,80,0,0,0,80
"CD000478_pub5_data",42,42,0,0,0,0,0,0,0,0,0,0,3,0,17,42,42,0,0,0,42
"CD001396_pub4_data",387,387,0,0,0,0,0,0,0,0,0,0,73,0,129,316,316,0,0,0,385
"CD001909_pub4_data",133,133,0,0,0,0,0,0,0,0,0,0,8,0,38,133,133,0,0,0,125
"CD002052_pub4_data",37,37,0,0,0,0,0,0,0,0,0,0,13,0,20,26,26,0,0,0,34
"CD003129_pub2_data",19,19,0,0,0,0,0,0,0,0,0,0,5,0,13,16,16,0,0,0,15
"CD003331_pub6_data",155,155,0,0,0,0,0,0,0,0,0,0,64,0,103,92,92,0,0,0,154
"CD003333_pub4_data",15,15,0,0,0,0,0,0,0,0,0,0,0,0,1,15,15,0,0,0,15
"CD003357_pub5_data",34,34,0,0,0,0,0,0,0,0,0,0,0,0,5,34,34,0,0,0,34
"CD004184_pub3_data",186,186,0,0,0,0,0,0,0,0,0,0,154,0,164,166,166,0,0,0,42
"CD004376_pub4_data",1029,79,0,0,0,0,0,0,0,0,0,0,46,0,79,0,0,0,0,0,0
"CD004406_pub6_data",79,79,0,0,0,0,0,0,0,0,0,0,1,0,4,79,79,0,0,0,78
"CD004508_pub5_data",57,57,0,0,0,0,0,0,0,0,0,0,23,0,32,36,36,0,0,0,55
"CD004667_pub6_data",490,490,0,0,0,0,0,0,0,0,0,0,7,0,59,490,490,0,0,0,482
"CD004992_pub4_data",25,25,0,0,0,0,0,0,0,0,0,0,12,0,14,13,13,0,0,0,25
"CD005187_pub6_data",26,26,0,0,0,0,0,0,0,0,0,0,0,0,1,26,26,0,0,0,26
"CD005495_pub5_data",343,343,0,0,0,0,0,0,0,0,0,0,294,0,299,49,49,0,0,0,340
"CD005566_pub4_data",906,906,0,0,0,0,0,0,0,0,0,0,348,0,602,558,558,0,0,0,906
"CD005595_pub4_data",284,284,0,0,0,0,0,0,0,0,0,0,167,0,249,152,152,0,0,0,246
"CD006027_pub3_data",86,86,0,0,0,0,0,0,0,0,0,0,24,0,31,65,65,0,0,0,83
"CD006124_pub3_data",96,96,0,0,0,0,0,0,0,0,0,0,57,0,77,45,45,0,0,0,90
"CD006273_pub4_data",5,5,0,0,0,0,0,0,0,0,0,0,3,0,4,2,2,0,0,0,5
"CD007079_pub4_data",159,159,0,0,0,0,0,0,0,0,0,0,50,0,60,118,118,0,0,0,148
"CD007130_pub5_data",137,137,0,0,0,0,0,0,0,0,0,0,98,2,101,46,47,0,0,0,129
"CD007374_pub3_data",97,97,0,0,0,0,1,1,0,0,0,0,67,1,77,35,35,0,0,0,89
"CD007388_pub3_data",114,114,0,0,0,0,0,0,0,0,0,0,26,0,60,114,114,0,0,0,88
"CD007809_pub3_data",95,95,0,0,0,0,0,0,0,0,0,0,83,0,88,17,17,0,0,0,88
"CD007872_pub4_data",40,40,0,0,0,0,0,0,0,0,0,0,16,0,17,38,38,0,0,0,25
"CD007895_pub3_data",15,15,0,0,0,0,0,0,0,0,0,0,12,0,14,4,4,0,0,0,14
"CD008237_pub4_data",25,25,0,0,0,0,0,0,0,0,0,0,11,0,13,14,14,0,0,0,25
"CD008873_pub5_data",58,58,0,0,0,0,0,0,0,0,0,0,27,0,38,34,34,0,0,0,55
"CD009022_pub4_data",71,71,0,0,0,0,0,0,0,0,0,0,43,0,60,30,30,0,0,0,68
"CD009102_pub2_data",29,29,0,0,0,0,0,0,0,0,0,0,6,0,8,23,23,0,0,0,29
"CD009508_pub2_data",78,78,0,0,0,0,0,0,0,0,0,0,56,1,56,22,23,0,0,0,64
"CD009535_pub3_data",84,84,0,0,0,0,0,0,0,0,0,0,67,0,69,17,17,0,0,0,84
"CD009679_pub3_data",176,176,0,0,0,0,0,0,0,0,0,0,77,0,133,104,104,0,0,0,170
"CD009752_pub3_data",80,80,0,0,0,0,0,0,0,0,0,0,52,0,63,34,34,0,0,0,71
"CD009945_pub3_data",7,7,0,0,0,0,0,0,0,0,0,0,0,0,2,7,7,0,0,0,7
"CD010001_pub4_data",243,243,0,0,0,0,0,0,0,0,0,0,82,0,103,162,162,0,0,0,237
"CD010216_pub9_data",221,221,0,0,0,0,0,0,0,0,0,0,115,0,123,129,129,0,0,0,196
"CD010441_pub3_data",32,32,0,0,0,0,0,0,0,0,0,0,6,0,9,32,32,0,0,0,26
"CD010533_pub3_data",83,83,0,0,0,0,0,0,0,0,0,0,43,0,52,83,83,0,0,0,77
"CD011197_pub3_data",140,140,0,0,0,0,0,0,0,0,0,0,127,0,134,23,23,0,0,0,124
"CD011204_pub3_data",320,320,0,0,0,0,0,0,0,0,0,0,76,0,95,244,244,0,0,0,320
"CD011305_pub3_data",66,66,0,0,0,0,0,0,0,0,0,0,26,2,43,53,53,0,0,0,52
"CD011381_pub3_data",259,259,0,0,0,0,0,0,0,0,0,0,14,0,52,245,245,0,0,0,259
"CD011468_pub2_data",10,10,0,0,0,0,0,0,0,0,0,0,4,0,6,6,6,0,0,0,10
"CD011600_pub3_data",169,169,0,0,0,0,18,18,0,0,0,0,105,18,107,134,134,0,0,0,169
"CD011626_pub3_data",65,65,0,0,0,0,0,0,0,0,0,0,54,0,62,11,11,0,0,0,64
"CD011627_pub3_data",24,24,0,0,0,0,0,0,0,0,0,0,2,0,3,24,24,0,0,0,22
"CD011793_pub3_data",115,115,0,0,0,0,0,0,0,0,0,0,75,0,99,40,40,0,0,0,115
"CD011806_pub2_data",104,104,0,0,0,0,0,0,0,0,0,0,85,0,94,72,72,0,0,0,51
"CD011841_pub3_data",113,113,0,0,0,0,0,0,0,0,0,0,67,0,73,46,46,0,0,0,105
"CD011866_pub3_data",157,157,0,0,0,0,0,0,0,0,0,0,56,0,58,103,103,0,0,0,155
"CD011885_pub2_data",173,173,0,0,0,0,0,0,0,0,0,0,58,0,96,124,124,0,0,0,164
"CD012186_pub2_data",202,202,0,0,0,0,0,0,0,0,0,0,8,0,37,202,202,0,0,0,194
"CD012214_pub3_data",25,25,0,0,0,0,0,0,0,0,0,0,8,0,13,25,25,0,0,0,17
"CD012397_pub2_data",25,25,0,0,0,0,2,2,0,0,0,0,8,2,13,23,23,0,0,0,22
"CD012609_pub2_data",28,28,0,0,0,0,0,0,0,0,0,0,0,0,1,28,28,0,0,0,28
"CD012757_pub2_data",24,24,0,0,0,0,0,0,0,0,0,0,0,0,0,24,24,0,0,0,24
"CD012891_pub2_data",58,58,0,0,0,0,10,10,0,0,0,0,15,10,30,54,54,0,0,0,53
"CD012925_pub2_data",99,99,0,0,0,0,0,0,0,0,0,0,78,0,79,97,97,0,0,0,53
"CD012942_pub2_data",825,825,0,0,0,0,0,0,0,0,0,0,126,0,152,699,699,0,0,0,760
"CD013042_pub2_data",312,312,0,0,0,0,0,0,0,0,0,0,231,0,241,89,89,0,0,0,298
"CD013051_pub3_data",19,19,0,0,0,0,0,0,0,0,0,0,0,0,0,19,19,0,0,0,19
"CD013052_pub3_data",44,44,0,0,0,0,0,0,0,0,0,0,2,1,5,44,44,0,0,0,42
"CD013055_pub3_data",11,11,0,0,0,0,0,0,0,0,0,0,0,0,1,11,11,0,0,0,11
"CD013059_pub2_data",363,363,0,0,0,0,0,0,0,0,0,0,358,0,361,12,12,0,0,0,356
"CD013105_pub2_data",86,86,0,0,0,0,0,0,0,0,0,0,53,0,60,39,39,0,0,0,77
"CD013111_pub2_data",21,21,0,0,0,0,0,0,0,0,0,0,0,0,6,21,21,0,0,0,21
"CD013197_pub2_data",375,172,0,0,0,0,0,0,0,0,0,0,39,0,109,116,116,0,0,0,102
"CD013303_pub2_data",132,132,0,0,0,0,0,0,0,0,0,0,116,0,116,16,16,0,0,0,132
"CD013332_pub2_data",67,67,0,0,0,0,0,0,0,0,0,0,6,0,22,61,61,0,0,0,67
"CD013342_pub2_data",224,224,0,0,0,0,0,0,0,0,0,0,173,1,196,70,70,0,0,0,143
"CD013344_pub2_data",97,97,0,0,0,0,0,0,0,0,0,0,15,0,41,87,87,0,0,0,90
"CD013355_pub2_data",21,21,0,0,0,0,0,0,0,0,0,0,4,0,9,17,17,0,0,0,21
"CD013425_pub2_data",285,285,0,0,0,0,0,0,0,0,0,0,53,0,80,232,232,0,0,0,285
"CD013456_pub2_data",177,177,0,0,0,0,0,0,0,0,0,0,152,0,160,28,28,0,0,0,174
"CD013462_pub3_data",122,44,0,0,0,0,0,0,0,0,0,0,9,0,44,0,0,0,0,0,0
"CD013561_pub2_data",24,24,0,0,0,0,0,0,0,0,0,0,0,0,2,24,24,0,0,0,24
"CD013590_pub2_data",132,132,0,0,0,0,0,0,0,0,0,0,98,0,109,61,61,0,0,0,122
"CD013595_pub2_data",66,66,0,0,0,0,0,0,0,0,0,0,25,0,25,51,51,0,0,0,61
"CD013631_pub2_data",116,116,0,0,0,0,0,0,0,0,0,0,97,0,104,26,26,0,0,0,107
"CD013643_pub2_data",49,49,0,0,0,0,0,0,0,0,0,0,34,0,39,27,27,0,0,0,34
"CD013672_pub2_data",61,61,0,0,0,0,0,0,0,0,0,0,1,0,1,60,60,0,0,0,60
"CD013707_pub2_data",49,49,0,0,0,0,0,0,0,0,0,0,28,0,36,28,28,0,0,0,42
"CD013745_pub2_data",51,51,0,0,0,0,0,0,0,0,0,0,1,0,7,51,51,0,0,0,50
"CD013758_pub2_data",345,345,0,0,0,0,0,0,0,0,0,0,323,0,329,22,22,0,0,0,345
"CD013801_pub2_data",56,23,0,0,0,0,0,0,0,0,0,0,10,0,23,0,0,0,0,0,0
"CD013823_pub2_data",26,26,0,0,0,0,0,0,0,0,0,0,14,0,15,12,12,0,0,0,26
"CD013827_pub2_data",145,145,0,0,0,0,0,0,0,0,0,0,76,0,80,90,90,0,0,0,124
"CD013853_pub2_data",47,47,0,0,0,0,0,0,0,0,0,0,35,0,40,30,31,0,0,0,22
"CD013874_pub3_data",136,136,0,0,0,0,19,19,0,0,0,0,88,19,105,132,132,0,0,0,128
"CD014089_data",136,136,0,0,0,0,127,127,0,0,0,0,127,127,128,136,136,0,0,0,9
"CD014145_pub2_data",24,24,0,0,0,0,0,0,0,0,0,0,6,0,17,22,22,0,0,0,20
"CD014300_pub2_data",34,34,0,0,0,0,0,0,0,0,0,0,23,0,24,12,12,0,0,0,33
"CD014544_pub2_data",121,121,0,0,0,0,0,0,0,0,0,0,67,0,79,54,54,0,0,0,116
"CD014666_pub2_data",130,130,0,0,0,0,0,0,0,0,0,0,124,0,124,6,6,0,0,0,126
"CD014736_pub2_data",28,28,0,0,0,0,0,0,0,0,0,0,20,0,24,11,11,0,0,0,25
"CD014762_pub2_data",30,30,0,0,0,0,0,0,0,0,0,0,4,0,7,26,26,0,0,0,30
"CD014763_pub2_data",68,68,0,0,0,0,0,0,0,0,0,0,30,2,37,46,46,0,0,0,58
"CD014802_pub2_data",19,19,0,0,0,0,0,0,0,0,0,0,3,0,3,16,16,0,0,0,19
"CD014833_pub2_data",30,30,0,0,0,0,0,0,0,0,0,0,11,0,11,19,19,0,0,0,30
"CD014852_pub2_data",202,202,0,0,0,0,0,0,0,0,0,0,116,0,122,86,86,0,0,0,200
"CD014869_pub2_data",34,34,0,0,0,0,0,0,0,0,0,0,1,0,4,33,33,0,0,0,34
"CD014891_pub2_data",25,25,0,0,0,0,0,0,0,0,0,0,16,0,18,10,10,0,0,0,23
"CD014914_pub2_data",240,46,0,0,0,0,0,0,0,0,0,0,2,0,16,30,29,0,0,0,29
"CD014920_pub2_data",9,9,0,0,0,0,0,0,0,0,0,0,1,0,2,8,8,0,0,0,8
"CD014935_pub2_data",29,29,0,0,0,0,0,0,0,0,0,0,6,0,10,23,23,0,0,0,28
"CD014966_pub2_data",105,105,0,0,0,0,0,0,0,0,0,0,6,0,12,105,105,0,0,0,104
"CD015003_pub2_data",26,26,0,0,0,0,0,0,0,0,0,0,0,0,8,26,26,0,0,0,26
"CD015038_pub2_data",81,81,0,0,0,0,0,0,0,0,0,0,33,2,55,54,54,0,0,0,75
"CD015046_pub2_data",20,6,0,0,0,0,0,0,0,0,0,0,0,0,6,0,0,0,0,0,0
"CD015084_pub2_data",32,32,0,0,0,0,0,0,0,0,0,0,19,0,21,13,13,0,0,0,32
"CD015123_pub2_data",35,35,0,0,0,0,4,4,0,0,0,0,9,4,11,30,30,0,0,0,32
"CD015134_pub2_data",32,32,0,0,0,0,0,0,0,0,0,0,8,0,14,32,32,0,0,0,24
"CD015140_pub2_data",156,156,0,0,0,0,2,2,0,0,0,0,106,2,111,142,142,0,0,0,151
"CD015192_pub2_data",67,67,0,0,0,0,0,0,0,0,0,0,22,0,37,67,67,0,0,0,45
"CD015314_pub2_data",71,71,0,0,0,0,0,0,0,0,0,0,2,0,4,71,71,0,0,0,69
"CD015395_pub3_data",17,17,0,0,0,0,0,0,0,0,0,0,0,0,2,17,17,0,0,0,17
"CD015432_pub2_data",152,152,0,0,0,0,0,0,0,0,0,0,88,0,96,97,97,0,0,0,119
"CD015443_pub2_data",88,88,0,0,0,0,0,0,0,0,0,0,5,0,19,84,84,0,0,0,86
"CD015524_pub2_data",283,283,0,0,0,0,0,0,0,0,0,0,213,0,216,89,89,0,0,0,216
"CD015551_pub2_data",27,27,0,0,0,0,1,1,0,0,0,0,1,1,4,27,27,0,0,0,27
"CD015573_data",9,9,0,0,0,0,0,0,0,0,0,0,2,0,6,7,7,0,0,0,9
"CD015698_pub2_data",29,26,0,0,0,0,0,0,0,0,0,0,1,0,7,0,0,0,0,0,19
"CD015779_data",24,24,0,0,0,0,2,2,0,0,0,0,3,2,12,24,24,0,0,0,23
"CD015875_data",207,22,0,0,0,0,0,0,0,0,0,0,10,0,21,0,1,0,0,0,0
"CD016002_data",239,55,0,0,0,0,9,9,0,0,0,0,31,0,46,0,0,0,0,0,0
"CD016058_pub2_data",52,14,0,0,0,0,0,0,0,0,0,0,8,1,13,1,1,0,0,0,1
"CD016064_data",573,573,0,0,0,0,0,0,0,0,0,0,564,0,568,573,573,0,0,0,571
"CD016120_data",50,50,0,0,0,0,0,0,0,0,0,0,35,0,40,19,19,0,0,0,44
"CD016147_data",32,32,0,0,0,0,0,0,0,0,0,0,3,0,9,29,29,0,0,0,29
"CD016148_data",57,57,0,0,0,0,1,1,0,0,0,0,10,1,22,55,55,0,0,0,48
